name,auc,accuracy,precision,recall,f1,confusion_matrix
logistic,0.4772727272727273,0.5666666666666667,0.14285714285714285,0.125,0.13333333333333333,"[[16  6]
 [ 7  1]]"
random_forest,0.5454545454545454,0.5333333333333333,0.2,0.25,0.2222222222222222,"[[14  8]
 [ 6  2]]"
xgboost,0.5568181818181818,0.5666666666666667,0.2727272727272727,0.375,0.3157894736842105,"[[14  8]
 [ 5  3]]"
