y_true,y_pred,y_proba
1,1,0.8829362
0,1,0.76442564
0,0,0.010873175
1,1,0.949519
1,0,0.128168
0,0,0.23809487
0,1,0.8683153
1,0,0.11081828
0,0,0.19779712
0,0,0.049406655
0,0,0.47519436
0,0,0.41123813
1,0,0.07595771
1,0,0.030826036
1,0,0.029541755
0,1,0.8712078
0,1,0.9211858
0,0,0.053442188
0,0,0.021904957
0,0,0.013454363
0,1,0.9301313
0,1,0.6181678
1,1,0.87207735
0,1,0.95809495
0,0,0.059803873
0,0,0.41834143
0,0,0.008568795
0,1,0.7800984
0,0,0.02738837
0,0,0.027418926
